id,tipo,region,comuna,direccion,fecha_remate,precio_clp,precio_uf,metros2,url_ficha,url_maps,actualizado
58348,Lote,Coquimbo,La Serena,,2026-09-29,10474344,,,https://www.rematesinmobiliarios.cl/ficha-remate.php?id=58348,https://www.google.cl/maps/search/la+serena+coquimbo+chile,2026-09-29
58351,Lote,Coquimbo,La Serena,,2026-09-29,11131816,,,https://www.rematesinmobiliarios.cl/ficha-remate.php?id=58351,https://www.google.cl/maps/search/lote+50+la+serena+coquimbo+chile,2026-09-29
58350,Lote,Coquimbo,La Serena,,2026-09-29,13195661,,,https://www.rematesinmobiliarios.cl/ficha-remate.php?id=58350,,2026-09-29
58349,Lote,Coquimbo,La Serena,,2026-09-29,11460551,,,https://www.rematesinmobiliarios.cl/ficha-remate.php?id=58349,,2026-09-29
57718,Lote,Coquimbo,La Serena,,2026-09-29,10474344,,,https://www.rematesinmobiliarios.cl/ficha-remate.php?id=57718,,2026-09-29
56401,Inmueble,O'Higgins,Las Cabras,,2026-09-29,166223851,,5.400,https://www.rematesinmobiliarios.cl/ficha-remate.php?id=56401,,2026-09-29
54952,Inmueble,Biobío,Los Ángeles,,2026-09-29,49751400,,101,https://www.rematesinmobiliarios.cl/ficha-remate.php?id=54952,https://www.google.cl/maps/search/2372+pasaje+dos+oriente+los+%C3%81ngeles+regi%C3%B3n+del+b%C3%ADo+b%C3%ADo+chile,2026-09-29
58111,Vivienda,Los Lagos,Osorno,,2026-09-29,24382915,,,https://www.rematesinmobiliarios.cl/ficha-remate.php?id=58111,https://www.google.cl/maps/search/690+calle+pullinque+osorno+los+lagos+chile,2026-09-29
57337,Departamento,Tarapacá,Alto Hospicio,,2026-09-30,87516489,,,https://www.rematesinmobiliarios.cl/ficha-remate.php?id=57337,https://www.google.cl/maps/search/3175+avenida+uni%C3%B3n+europea+alto+hospicio+tarapac%C3%A1+chile,2026-09-29
60287,Departamento,Tarapacá,Iquique,,2026-09-30,74709198,,0,https://www.rematesinmobiliarios.cl/ficha-remate.php?id=60287,https://www.google.cl/maps/search/cerro+colorado+3746+iquique+tarapac%C3%A1,2026-09-29
60288,Departamento,Tarapacá,Alto Hospicio,,2026-09-30,22166465,,0,https://www.rematesinmobiliarios.cl/ficha-remate.php?id=60288,https://www.google.cl/maps/search/c+nueva+1+3339+alto+hospicio+tarapac%C3%A1,2026-09-29
60397,Casa,Tarapacá,Iquique,,2026-09-30,135051243,,0,https://www.rematesinmobiliarios.cl/ficha-remate.php?id=60397,https://www.google.cl/maps/search/iquique+iquique+tarapac%C3%A1,2026-09-29
60403,Departamento,Tarapacá,Iquique,,2026-09-30,98107134,,0,https://www.rematesinmobiliarios.cl/ficha-remate.php?id=60403,https://www.google.cl/maps/search/iquique+iquique+tarapac%C3%A1,2026-09-29
60417,Casa,Antofagasta,Antofagasta,,2026-09-30,69372827,,0,https://www.rematesinmobiliarios.cl/ficha-remate.php?id=60417,https://www.google.cl/maps/search/pje+4+7281+antofagasta+antofagasta,2026-09-29
60436,Derechos de propiedad,Antofagasta,Calama,,2026-09-30,4690000,,0,https://www.rematesinmobiliarios.cl/ficha-remate.php?id=60436,https://www.google.cl/maps/search/derechos+hereditarios+8+calama+antofagasta,2026-09-29
60260,Departamento,Antofagasta,Antofagasta,,2026-09-30,45153911,,0,https://www.rematesinmobiliarios.cl/ficha-remate.php?id=60260,https://www.google.cl/maps/search/montevideo+143+antofagasta+antofagasta,2026-09-29
60263,Departamento,Antofagasta,Antofagasta,,2026-09-30,38996560,,0,https://www.rematesinmobiliarios.cl/ficha-remate.php?id=60263,https://www.google.cl/maps/search/sierra+nevada+10584+antofagasta+antofagasta,2026-09-29
60332,Departamento,Antofagasta,Antofagasta,,2026-09-30,164196040,,0,https://www.rematesinmobiliarios.cl/ficha-remate.php?id=60332,https://www.google.cl/maps/search/av+jaime+guzm%C3%A1n+err%C3%A1zurriz+4300+antofagasta+antofagasta,2026-09-29
60408,Casa,Antofagasta,Antofagasta,,2026-09-30,14367154,,0,https://www.rematesinmobiliarios.cl/ficha-remate.php?id=60408,https://www.google.cl/maps/search/mar%C3%ADa+elena+1298+antofagasta+antofagasta,2026-09-29
60413,Casa,Antofagasta,Antofagasta,,2026-09-30,57058124,,0,https://www.rematesinmobiliarios.cl/ficha-remate.php?id=60413,https://www.google.cl/maps/search/antofagasta+antofagasta+antofagasta,2026-09-29
60424,Local comercial,Atacama,Copiapó,,2026-09-30,307457085,,0,https://www.rematesinmobiliarios.cl/ficha-remate.php?id=60424,https://www.google.cl/maps/search/los+carrera+4523+copiap%C3%B3+atacama,2026-09-29
58337,Sitio,Coquimbo,La Serena,,2026-09-30,48249489,,,https://www.rematesinmobiliarios.cl/ficha-remate.php?id=58337,https://www.google.cl/maps/search/1141+los+olivos+la+serena+coquimbo+chile,2026-09-29
58336,Casa,Coquimbo,La Serena,,2026-09-30,100197277,,,https://www.rematesinmobiliarios.cl/ficha-remate.php?id=58336,https://www.google.cl/maps/search/560+george+washington+la+serena+coquimbo+chile,2026-09-29
58334,Lote,Coquimbo,La Serena,,2026-09-30,10474344,,,https://www.rematesinmobiliarios.cl/ficha-remate.php?id=58334,,2026-09-29
60226,Derechos,Valparaíso,Quilpué,,2026-09-30,41389117,,,https://www.rematesinmobiliarios.cl/ficha-remate.php?id=60226,https://www.google.cl/maps/search/106+vergara+quilpu%C3%A9+valpara%C3%ADso+chile,2026-09-29
59281,Derechos,Valparaíso,Quilpué,,2026-09-30,41389117,,,https://www.rematesinmobiliarios.cl/ficha-remate.php?id=59281,https://www.google.cl/maps/search/106+vergara+quilpu%C3%A9+valpara%C3%ADso+chile,2026-09-29
59273,Derechos,Valparaíso,Quilpué,,2026-09-30,41389117,,,https://www.rematesinmobiliarios.cl/ficha-remate.php?id=59273,https://www.google.cl/maps/search/106+vergara+quilpu%C3%A9+valpara%C3%ADso+chile,2026-09-29
58448,Inmueble,Valparaíso,La Cruz,,2026-09-30,234902878,,,https://www.rematesinmobiliarios.cl/ficha-remate.php?id=58448,https://www.google.cl/maps/search/038+calle+pedro+del+r%C3%ADo+la+cruz+quillota+chile,2026-09-29
58436,Derechos,Valparaíso,Quilpué,,2026-09-30,41389117,,,https://www.rematesinmobiliarios.cl/ficha-remate.php?id=58436,https://www.google.cl/maps/search/106+vergara+quilpu%C3%A9+valpara%C3%ADso+chile,2026-09-29
53911,Predio agrícola,O'Higgins,Peumo,,2026-09-30,67960900,,34.734,https://www.rematesinmobiliarios.cl/ficha-remate.php?id=53911,https://www.google.cl/maps/search/peumo+provincia+de+cachapoal+sexta+regi%C3%B3n+chile,2026-09-29
60420,Departamento,O'Higgins,San Fernando,,2026-09-30,36533619,,0,https://www.rematesinmobiliarios.cl/ficha-remate.php?id=60420,https://www.google.cl/maps/search/san+fernando+san+fernando+o%27higgins,2026-09-29
60385,Parcela,O'Higgins,Santa Cruz,,2026-09-30,5500000,,0,https://www.rematesinmobiliarios.cl/ficha-remate.php?id=60385,https://www.google.cl/maps/search/hacienda+panama+santa+cruz+o%27higgins,2026-09-29
60441,Parcela con casa,O'Higgins,Chimbarongo,,2026-09-30,160091139,,0,https://www.rematesinmobiliarios.cl/ficha-remate.php?id=60441,https://www.google.cl/maps/search/parcelaci%C3%B3n+san+fermin+sitio+14+chimbarongo+o%27higgins,2026-09-29
60428,Casa,O'Higgins,Machalí,,2026-09-30,99500590,,0,https://www.rematesinmobiliarios.cl/ficha-remate.php?id=60428,https://www.google.cl/maps/search/las+pesebreras+norte+445+machal%C3%AD+o%27higgins,2026-09-29
60280,Parcela,Maule,Cauquenes,,2026-09-30,5000000,,0,https://www.rematesinmobiliarios.cl/ficha-remate.php?id=60280,https://www.google.cl/maps/search/capellania+parcela+121+cauquenes+maule,2026-09-29
60375,Departamento,Maule,San Fernando,,2026-09-30,13546173,,0,https://www.rematesinmobiliarios.cl/ficha-remate.php?id=60375,https://www.google.cl/maps/search/feliciano+silva+s%2Fn+depto+21+san+fernando+maule,2026-09-29
60373,Casa,Maule,Linares,,2026-09-30,48848322,,0,https://www.rematesinmobiliarios.cl/ficha-remate.php?id=60373,https://www.google.cl/maps/search/esmeralda+344+linares+maule,2026-09-29
60362,Casa,Maule,Talca,,2026-09-30,26681857,,0,https://www.rematesinmobiliarios.cl/ficha-remate.php?id=60362,https://www.google.cl/maps/search/pasaje+35+1%2F2+oriente+a+3644+talca+maule,2026-09-29
60318,Casa,Maule,Linares,,2026-09-30,18472055,,0,https://www.rematesinmobiliarios.cl/ficha-remate.php?id=60318,https://www.google.cl/maps/search/los+salesianos+1790+linares+maule,2026-09-29
60313,Casa,Maule,Talca,,2026-09-30,22987446,,0,https://www.rematesinmobiliarios.cl/ficha-remate.php?id=60313,https://www.google.cl/maps/search/25+norte+3478+talca+maule,2026-09-29
60298,Parcela,Maule,Cauquenes,,2026-09-30,5000000,,0,https://www.rematesinmobiliarios.cl/ficha-remate.php?id=60298,https://www.google.cl/maps/search/capellania+parcela+125+cauquenes+maule,2026-09-29
60292,Casa,Maule,Talca,,2026-09-30,20934995,,0,https://www.rematesinmobiliarios.cl/ficha-remate.php?id=60292,https://www.google.cl/maps/search/pasaje+26+medio+sur+71+talca+maule,2026-09-29
60422,Local comercial,Maule,Teno,,2026-09-30,114937228,,0,https://www.rematesinmobiliarios.cl/ficha-remate.php?id=60422,https://www.google.cl/maps/search/bellavista+59+teno+maule,2026-09-29
58080,Lote,Biobío,Coronel,,2026-09-30,42526774,,,https://www.rematesinmobiliarios.cl/ficha-remate.php?id=58080,https://www.google.cl/maps/search/1500+calle+minero+carlos+aguilera+cifuentes+coronel+biob%C3%ADo+chile,2026-09-29
57363,Inmueble,Biobío,San Pedro de la Paz,,2026-09-30,43388804,,,https://www.rematesinmobiliarios.cl/ficha-remate.php?id=57363,https://www.google.cl/maps/search/771+calle+roberto+bola%C3%B1o+san+pedro+de+la+paz+concepci%C3%B3n+chile,2026-09-29
60323,Casa,Biobío,Los Ángeles,,2026-09-30,24629406,,0,https://www.rematesinmobiliarios.cl/ficha-remate.php?id=60323,https://www.google.cl/maps/search/cadaques+1895+los+%C3%81ngeles+biob%C3%ADo,2026-09-29
60367,Oficina,Biobío,Los Ángeles,,2026-09-30,69783317,,0,https://www.rematesinmobiliarios.cl/ficha-remate.php?id=60367,https://www.google.cl/maps/search/almagro+250+los+%C3%81ngeles+biob%C3%ADo,2026-09-29
60283,Parcela con casa,Biobío,Los Ángeles,,2026-09-30,65678416,,0,https://www.rematesinmobiliarios.cl/ficha-remate.php?id=60283,https://www.google.cl/maps/search/san+jorge+s%2Fn+los+%C3%81ngeles+biob%C3%ADo,2026-09-29
60282,Departamento,Biobío,Concepción,,2026-09-30,28734307,,0,https://www.rematesinmobiliarios.cl/ficha-remate.php?id=60282,https://www.google.cl/maps/search/pasaje+anibal+pinto+1430+depto+1503+concepci%C3%B3n+biob%C3%ADo,2026-09-29
60278,Casa,Biobío,Coronel,,2026-09-30,20524505,,0,https://www.rematesinmobiliarios.cl/ficha-remate.php?id=60278,https://www.google.cl/maps/search/las+parcelas+5342+coronel+biob%C3%ADo,2026-09-29
60273,Casa,Biobío,Chillán,,2026-09-30,41049010,,0,https://www.rematesinmobiliarios.cl/ficha-remate.php?id=60273,https://www.google.cl/maps/search/pasaje+pedro+porter+y+casanate+432+chill%C3%A1n+biob%C3%ADo,2026-09-29
60448,Casa,Biobío,Tomé,,2026-09-30,13135683,,0,https://www.rematesinmobiliarios.cl/ficha-remate.php?id=60448,https://www.google.cl/maps/search/marbella+2805+tom%C3%A9+biob%C3%ADo,2026-09-29
60442,Casa,Biobío,Los Ángeles,,2026-09-30,36944109,,0,https://www.rematesinmobiliarios.cl/ficha-remate.php?id=60442,https://www.google.cl/maps/search/pasaje+marbella+1140+los+%C3%81ngeles+biob%C3%ADo,2026-09-29
55175,Departamento,Araucanía,Pucón,,2026-09-30,69044435,,,https://www.rematesinmobiliarios.cl/ficha-remate.php?id=55175,https://www.google.cl/maps/search/890+prolongaci%C3%B3n+del+pill%C3%A1n+puc%C3%B3n+araucan%C3%ADa+chile,2026-09-29
60377,Parcela,Araucanía,Vilcún,,2026-09-30,24218916,,0,https://www.rematesinmobiliarios.cl/ficha-remate.php?id=60377,https://www.google.cl/maps/search/camino+fundo+ni%C3%A1gara+vilc%C3%BAn+araucan%C3%ADa,2026-09-29
60380,Parcela,Araucanía,Curarrehue,,2026-09-30,12000000,,0,https://www.rematesinmobiliarios.cl/ficha-remate.php?id=60380,https://www.google.cl/maps/search/camino+los+coigues+parcela+52+curarrehue+araucan%C3%ADa,2026-09-29
60383,Parcela,Araucanía,Collipulli,,2026-09-30,5500000,,0,https://www.rematesinmobiliarios.cl/ficha-remate.php?id=60383,https://www.google.cl/maps/search/parque+del+niblinto+collipulli+araucan%C3%ADa,2026-09-29
60411,Casa,Araucanía,Temuco,,2026-09-30,57058124,,0,https://www.rematesinmobiliarios.cl/ficha-remate.php?id=60411,https://www.google.cl/maps/search/temuco+temuco+araucan%C3%ADa,2026-09-29
60374,Parcela,Araucanía,Pucón,,2026-09-30,15000000,,0,https://www.rematesinmobiliarios.cl/ficha-remate.php?id=60374,https://www.google.cl/maps/search/miradores+de+huife+parcela+106+puc%C3%B3n+araucan%C3%ADa,2026-09-29
60361,Terreno,Araucanía,Pucón,,2026-09-30,49258812,,0,https://www.rematesinmobiliarios.cl/ficha-remate.php?id=60361,https://www.google.cl/maps/search/camino+puc%C3%B3n+puc%C3%B3n+araucan%C3%ADa,2026-09-29
60335,Parcela,Araucanía,Los Sauces,,2026-09-30,2000000,,0,https://www.rematesinmobiliarios.cl/ficha-remate.php?id=60335,https://www.google.cl/maps/search/san+ram%C3%B3n+los+sauces+araucan%C3%ADa,2026-09-29
60271,Departamento,Araucanía,Pucón,,2026-09-30,30786758,,0,https://www.rematesinmobiliarios.cl/ficha-remate.php?id=60271,https://www.google.cl/maps/search/camino+al+volc%C3%A1n+km+15+puc%C3%B3n+araucan%C3%ADa,2026-09-29
60437,Derechos de propiedad,Los Ríos,Valdivia,,2026-09-30,1250000,,0,https://www.rematesinmobiliarios.cl/ficha-remate.php?id=60437,https://www.google.cl/maps/search/derechos+hereditarios+6+valdivia+los+r%C3%ADos,2026-09-29
60351,Parcela,Los Ríos,Valdivia,,2026-09-30,82098020,,0,https://www.rematesinmobiliarios.cl/ficha-remate.php?id=60351,https://www.google.cl/maps/search/quitacalzon+valdivia+los+r%C3%ADos,2026-09-29
60396,Parcela,Los Ríos,Futrono,,2026-09-30,25000000,,0,https://www.rematesinmobiliarios.cl/ficha-remate.php?id=60396,https://www.google.cl/maps/search/parcela+lago+ranco+futrono+los+r%C3%ADos,2026-09-29
60409,Local comercial,Los Ríos,Valdivia,,2026-09-30,369441090,,0,https://www.rematesinmobiliarios.cl/ficha-remate.php?id=60409,https://www.google.cl/maps/search/coronel+santiago+bueras+valdivia+los+r%C3%ADos,2026-09-29
58450,Inmueble,Los Lagos,Puerto Montt,,2026-09-30,128072911,,,https://www.rematesinmobiliarios.cl/ficha-remate.php?id=58450,,2026-09-29
60328,Casa,Los Lagos,Puerto Varas,,2026-09-30,205245050,,0,https://www.rematesinmobiliarios.cl/ficha-remate.php?id=60328,https://www.google.cl/maps/search/santa+barbara+s%2Fn+puerto+varas+los+lagos,2026-09-29
60331,Parcela,Los Lagos,Puerto Montt,,2026-09-30,16000000,,0,https://www.rematesinmobiliarios.cl/ficha-remate.php?id=60331,https://www.google.cl/maps/search/pelluco+alto+puerto+montt+los+lagos,2026-09-29
60333,Parcela,Los Lagos,Osorno,,2026-09-30,16419604,,0,https://www.rematesinmobiliarios.cl/ficha-remate.php?id=60333,https://www.google.cl/maps/search/las+lumas+osorno+los+lagos,2026-09-29
60353,Casa,Los Lagos,Ancud,,2026-09-30,131356832,,0,https://www.rematesinmobiliarios.cl/ficha-remate.php?id=60353,https://www.google.cl/maps/search/hueihuen+220+ancud+los+lagos,2026-09-29
60304,Parcela,Aysén,Río Ibáñez,,2026-09-30,1500000,,0,https://www.rematesinmobiliarios.cl/ficha-remate.php?id=60304,https://www.google.cl/maps/search/cerro+castillo+r%C3%ADo+ib%C3%A1%C3%B1ez+ays%C3%A9n,2026-09-29
60319,Parcela,Aysén,Río Ibáñez,,2026-09-30,1500000,,0,https://www.rematesinmobiliarios.cl/ficha-remate.php?id=60319,https://www.google.cl/maps/search/cerro+castillo+r%C3%ADo+ib%C3%A1%C3%B1ez+ays%C3%A9n,2026-09-29
60336,Parcela,Aysén,Aysén,,2026-09-30,1500000,,0,https://www.rematesinmobiliarios.cl/ficha-remate.php?id=60336,https://www.google.cl/maps/search/costa+huemules+ays%C3%A9n+ays%C3%A9n,2026-09-29
60339,Parcela,Aysén,Aysén,,2026-09-30,1500000,,0,https://www.rematesinmobiliarios.cl/ficha-remate.php?id=60339,https://www.google.cl/maps/search/costa+huemules+ays%C3%A9n+ays%C3%A9n,2026-09-29
60360,Casa,Aysén,Coyhaique,,2026-09-30,73477728,,0,https://www.rematesinmobiliarios.cl/ficha-remate.php?id=60360,https://www.google.cl/maps/search/coyhaique+coyhaique+ays%C3%A9n,2026-09-29
60379,Parcela,Aysén,Cochrane,,2026-09-30,16009114,,0,https://www.rematesinmobiliarios.cl/ficha-remate.php?id=60379,https://www.google.cl/maps/search/fundo+santa+elsa+cochrane+ays%C3%A9n,2026-09-29
60386,Parcela,Aysén,Aysén,,2026-09-30,5000000,,0,https://www.rematesinmobiliarios.cl/ficha-remate.php?id=60386,https://www.google.cl/maps/search/costa+patagonia+ays%C3%A9n+ays%C3%A9n,2026-09-29
60429,Terreno,Magallanes,Punta Arenas,,2026-09-30,113746807,,0,https://www.rematesinmobiliarios.cl/ficha-remate.php?id=60429,https://www.google.cl/maps/search/r%C3%ADo+seco+16+punta+arenas+magallanes,2026-09-29
60301,Casa,Magallanes,Punta Arenas,,2026-09-30,147776436,,0,https://www.rematesinmobiliarios.cl/ficha-remate.php?id=60301,https://www.google.cl/maps/search/juan+cekalovic+parafijanoic+0848+punta+arenas+magallanes,2026-09-29
60370,Casa,Magallanes,Natales,,2026-09-30,57468614,,0,https://www.rematesinmobiliarios.cl/ficha-remate.php?id=60370,https://www.google.cl/maps/search/alcalde+jos%C3%A9+mu%C3%B1oz+2023+natales+magallanes,2026-09-29
59275,Departamento,Antofagasta,Antofagasta,,2026-10-01,101398477,,,https://www.rematesinmobiliarios.cl/ficha-remate.php?id=59275,https://www.google.cl/maps/search/1545+calle+manuel+verbal+antofagasta+antofagasta+chile,2026-09-29
58961,Departamento,Antofagasta,Antofagasta,,2026-10-01,101398477,,,https://www.rematesinmobiliarios.cl/ficha-remate.php?id=58961,https://www.google.cl/maps/search/1545+calle+manuel+verbal+antofagasta+antofagasta+chile,2026-09-29
58691,Inmueble,Coquimbo,La Serena,,2026-10-01,455902100,,,https://www.rematesinmobiliarios.cl/ficha-remate.php?id=58691,https://www.google.cl/maps/search/650+calle+brasil+la+serena+coquimbo+chile,2026-09-29
58698,Departamento,Valparaíso,Villa Alemana,,2026-10-01,306061419,,,https://www.rematesinmobiliarios.cl/ficha-remate.php?id=58698,https://www.google.cl/maps/search/799+calle+del+llano+villa+alemana+valpara%C3%ADso+chile,2026-09-29
58467,Departamento,Valparaíso,Villa Alemana,,2026-10-01,26476611,,,https://www.rematesinmobiliarios.cl/ficha-remate.php?id=58467,https://www.google.cl/maps/search/1441+calle+r%C3%ADo+andali%C3%A9n+villa+alemana+valpara%C3%ADso+chile,2026-09-29
55967,Predio,O'Higgins,Santa Cruz,,2026-10-01,371581380,,140.000,https://www.rematesinmobiliarios.cl/ficha-remate.php?id=55967,,2026-09-29
58086,Vivienda,Biobío,Coronel,,2026-10-01,28652209,,,https://www.rematesinmobiliarios.cl/ficha-remate.php?id=58086,https://www.google.cl/maps/search/1031+pasaje+minero+manuel+reyes+zambrano+coronel+biob%C3%ADo+chile,2026-09-29
59259,Departamento,Araucanía,Temuco,,2026-10-01,41049010,,,https://www.rematesinmobiliarios.cl/ficha-remate.php?id=59259,https://www.google.cl/maps/search/avenida+rudecindo+ortega+01930+temuco+chile,2026-09-29
54213,Sitio,Araucanía,Temuco,,2026-10-01,40361987,,255.000,https://www.rematesinmobiliarios.cl/ficha-remate.php?id=54213,https://www.google.cl/maps/search/118+poblaci%C3%B3n+amanecer+temuco+chile,2026-09-29
58403,Sitio,Ñuble,Chillán,,2026-10-02,38297733,,85,https://www.rematesinmobiliarios.cl/ficha-remate.php?id=58403,https://www.google.cl/maps/search/536+la+llanura+chill%C3%A1n+%C3%91uble+chile,2026-09-29
57750,Inmueble,Ñuble,San Carlos,,2026-10-02,51434410,,,https://www.rematesinmobiliarios.cl/ficha-remate.php?id=57750,https://www.google.cl/maps/search/156+calle+lilahue+san+carlos+regi%C3%B3n+de+%C3%91uble+chile,2026-09-29
59308,Inmueble,Biobío,Los Ángeles,,2026-10-02,53980321,,,https://www.rematesinmobiliarios.cl/ficha-remate.php?id=59308,https://www.google.cl/maps/search/0567+roma+los+%C3%81ngeles+biob%C3%ADo+chile,2026-09-29
59266,Inmueble,Biobío,Los Ángeles,,2026-10-02,53980321,,,https://www.rematesinmobiliarios.cl/ficha-remate.php?id=59266,https://www.google.cl/maps/search/roma+0567+villa+italia+los+%C3%81ngeles+chile,2026-09-29
58964,Inmueble,Biobío,Los Ángeles,,2026-10-02,53980321,,,https://www.rematesinmobiliarios.cl/ficha-remate.php?id=58964,https://www.google.cl/maps/search/roma+0567+villa+italia+los+%C3%81ngeles+chile,2026-09-29
57346,Lote,O'Higgins,Las Cabras,,2026-10-05,22000000,,786,https://www.rematesinmobiliarios.cl/ficha-remate.php?id=57346,,2026-09-29
58394,Vivienda,Maule,Curicó,,2026-10-05,36738864,,,https://www.rematesinmobiliarios.cl/ficha-remate.php?id=58394,https://www.google.cl/maps/search/2726+liverpool+curic%C3%B3+maule+chile,2026-09-29
59240,Departamento,Los Lagos,Puerto Varas,,2026-10-05,71987198,,47,https://www.rematesinmobiliarios.cl/ficha-remate.php?id=59240,https://www.google.cl/maps/search/638+calle+decher+puerto+varas+regi%C3%B3n+de+los+lagos+chile,2026-09-29
59276,Lote,Valparaíso,Algarrobo,,2026-10-06,3245188,,,https://www.rematesinmobiliarios.cl/ficha-remate.php?id=59276,https://www.google.cl/maps/search/camino+interior+de+la+parcelaci%C3%B3n+nuestra+se%C3%B1ora+de+guadalupe+algarrobo+san+antonio+valpara%C3%ADso+chile,2026-09-29
58460,Departamento,Valparaíso,Limache,,2026-10-06,47480924,,,https://www.rematesinmobiliarios.cl/ficha-remate.php?id=58460,https://www.google.cl/maps/search/1502+avenida+rep%C3%BAblica+limache+valpara%C3%ADso+chile,2026-09-29
58393,Departamento,Valparaíso,Limache,,2026-10-06,49258812,,,https://www.rematesinmobiliarios.cl/ficha-remate.php?id=58393,https://www.google.cl/maps/search/1107-cc1+prolongaci%C3%B3n+avenida+jos%C3%A9+tom%C3%A1s+urmeneta+limache+valpara%C3%ADso+chile,2026-09-29
58712,Departamento,Biobío,Los Ángeles,,2026-10-06,68510798,,,https://www.rematesinmobiliarios.cl/ficha-remate.php?id=58712,https://www.google.cl/maps/search/341+calle+lauqu%C3%A9n+los+%C3%81ngeles+biob%C3%ADo+chile,2026-09-29
58071,Sitio,Biobío,San Pedro de la Paz,,2026-10-06,38421873,,,https://www.rematesinmobiliarios.cl/ficha-remate.php?id=58071,https://www.google.cl/maps/search/1003+calle+el+campanario+san+pedro+de+la+paz+concepci%C3%B3n+chile,2026-09-29
55246,Inmueble,Atacama,Diego de Almagro,,2026-10-07,191937596,,438,https://www.rematesinmobiliarios.cl/ficha-remate.php?id=55246,https://www.google.cl/maps/search/603+calle+concepci%C3%B3n+diego+de+almagro+atacama+chile,2026-09-29
58715,Lote,Valparaíso,Quilpué,,2026-10-07,16144914,,,https://www.rematesinmobiliarios.cl/ficha-remate.php?id=58715,,2026-09-29
58469,Inmueble,Valparaíso,Villa Alemana,,2026-10-07,71343179,,,https://www.rematesinmobiliarios.cl/ficha-remate.php?id=58469,https://www.google.cl/maps/search/1339+r%C3%ADo+maull%C3%ADn+villa+alemana+valpara%C3%ADso+chile,2026-09-29
58454,Casa,Valparaíso,Algarrobo,,2026-10-07,204891228,,,https://www.rematesinmobiliarios.cl/ficha-remate.php?id=58454,https://www.google.cl/maps/search/2198+santa+teresita+algarrobo+valpara%C3%ADso+chile,2026-09-29
57005,Predio agrícola,Maule,Villa Alegre,,2026-10-07,281214,,,https://www.rematesinmobiliarios.cl/ficha-remate.php?id=57005,,2026-09-29
59309,Vivienda,Ñuble,Chillán,,2026-10-07,65987490,,,https://www.rematesinmobiliarios.cl/ficha-remate.php?id=59309,https://www.google.cl/maps/search/115+calle+uno+%C3%91uble+chill%C3%A1n+chile,2026-09-29
58352,Departamento,Biobío,Concepción,,2026-10-07,64096948,,,https://www.rematesinmobiliarios.cl/ficha-remate.php?id=58352,https://www.google.cl/maps/search/140+avenida+manuel+rodr%C3%ADguez+concepci%C3%B3n+chile,2026-09-29
58354,Estacionamiento,Los Lagos,Puerto Varas,,2026-10-07,17733172,,12,https://www.rematesinmobiliarios.cl/ficha-remate.php?id=58354,https://www.google.cl/maps/search/2161+calle+augusta+schwerter+puerto+varas+chile,2026-09-29
58366,Departamento,Los Lagos,Puerto Varas,,2026-10-07,140798104,,59,https://www.rematesinmobiliarios.cl/ficha-remate.php?id=58366,https://www.google.cl/maps/search/2161+calle+augusta+shwerter+puerto+varas+chile,2026-09-29
58367,Bodega,Los Lagos,Puerto Varas,,2026-10-07,7799312,,5,https://www.rematesinmobiliarios.cl/ficha-remate.php?id=58367,https://www.google.cl/maps/search/2161+calle+augusta+schwerter+puerto+varas+chile,2026-09-29
59567,Departamento,Antofagasta,Antofagasta,,2026-10-08,118113553,,,https://www.rematesinmobiliarios.cl/ficha-remate.php?id=59567,https://www.google.cl/maps/search/271+calle+cerro+paranal+antofagasta+antofagasta+chile,2026-09-29
58960,Casa,Valparaíso,La Cruz,,2026-10-08,57345467,,,https://www.rematesinmobiliarios.cl/ficha-remate.php?id=58960,https://www.google.cl/maps/search/490+avenida+santa+cruz+la+cruz+quillota+chile,2026-09-29
58412,Predio agrícola,Valparaíso,Petorca,,2026-10-08,68515400,,,https://www.rematesinmobiliarios.cl/ficha-remate.php?id=58412,,2026-09-29
58419,Predio agrícola,Valparaíso,Petorca,,2026-10-08,68515400,,,https://www.rematesinmobiliarios.cl/ficha-remate.php?id=58419,,2026-09-29
57404,Departamento,O'Higgins,Rancagua,,2026-10-08,78321511,,,https://www.rematesinmobiliarios.cl/ficha-remate.php?id=57404,https://www.google.cl/maps/search/400+avenida+presidente+salvador+allende+gossens+rancagua+chile,2026-09-29
59558,Inmueble,Maule,Cauquenes,,2026-10-08,357815582,,11.386,https://www.rematesinmobiliarios.cl/ficha-remate.php?id=59558,https://www.google.cl/maps/search/1528+antonio+varas+cauquenes+maule+chile,2026-09-29
59572,Parcela,Valparaíso,Quintero,,2026-10-09,65877002,,,https://www.rematesinmobiliarios.cl/ficha-remate.php?id=59572,https://www.google.cl/maps/search/parcela+n%C2%BA+16+bosques+de+mantagua+i+quintero+quinta+regi%C3%B3n+chile,2026-09-29
58464,Sitio,Atacama,Copiapó,,2026-10-13,34817330,,111,https://www.rematesinmobiliarios.cl/ficha-remate.php?id=58464,https://www.google.cl/maps/search/466+pasaje+padre+negro+copiap%C3%B3+copiap%C3%B3+chile,2026-09-29
60238,Sitio,Coquimbo,Los Vilos,,2026-10-13,40946679,,,https://www.rematesinmobiliarios.cl/ficha-remate.php?id=60238,https://www.google.cl/maps/search/calle+tucapel+los+vilos+coquimbo+chile,2026-09-29
60185,Sitio,Coquimbo,Coquimbo,,2026-10-13,41657672,,,https://www.rematesinmobiliarios.cl/ficha-remate.php?id=60185,https://www.google.cl/maps/search/260+calle+de+juan+contreras+coquimbo+coquimbo+chile,2026-09-29
60180,Sitio,Coquimbo,Coquimbo,,2026-10-13,48414152,,,https://www.rematesinmobiliarios.cl/ficha-remate.php?id=60180,https://www.google.cl/maps/search/513+jos%C3%A9+agust%C3%ADn+coloma+acevedo+coquimbo+coquimbo+chile,2026-09-29
59303,Sitio,Coquimbo,Los Vilos,,2026-10-13,40946679,,,https://www.rematesinmobiliarios.cl/ficha-remate.php?id=59303,,2026-09-29
59574,Lote,Valparaíso,Quilpué,,2026-10-13,641736,,468,https://www.rematesinmobiliarios.cl/ficha-remate.php?id=59574,https://www.google.cl/maps/search/quilpu%C3%A9+valpara%C3%ADso+chile,2026-09-29
60235,Vivienda,Metropolitana,Lampa,,2026-10-13,78056710,,,https://www.rematesinmobiliarios.cl/ficha-remate.php?id=60235,https://www.google.cl/maps/search/2210+r%C3%ADo+claro+lampa+regi%C3%B3n+metropolitana+chile,2026-09-29
59257,Sitio,O'Higgins,Rancagua,,2026-10-13,21333712,,,https://www.rematesinmobiliarios.cl/ficha-remate.php?id=59257,https://www.google.cl/maps/search/3542+pasaje+la+mama+chana+rancagua+chile,2026-09-29
59878,Lote,Maule,Romeral,,2026-10-13,287343070,,16.782.400,https://www.rematesinmobiliarios.cl/ficha-remate.php?id=59878,,2026-09-29
59287,Casa,Maule,Licantén,,2026-10-13,1724058420,,177.000,https://www.rematesinmobiliarios.cl/ficha-remate.php?id=59287,,2026-09-29
58342,Lote,Maule,Pelluhue,,2026-10-13,32921306,,,https://www.rematesinmobiliarios.cl/ficha-remate.php?id=58342,,2026-09-29
58115,Lote,Maule,Constitución,,2026-10-13,10303302,,,https://www.rematesinmobiliarios.cl/ficha-remate.php?id=58115,https://www.google.cl/maps/search/2201+pasaje+r%C3%ADo+achibueno+constituci%C3%B3n+chile,2026-09-29
60171,Lote,Aysén,Coyhaique,,2026-10-13,0,,5.000,https://www.rematesinmobiliarios.cl/ficha-remate.php?id=60171,,2026-09-29
59854,Departamento,Coquimbo,La Serena,,2026-10-14,46491714,,,https://www.rematesinmobiliarios.cl/ficha-remate.php?id=59854,https://www.google.cl/maps/search/120+calle+rengifo+la+serena+coquimbo+chile,2026-09-29
59877,Vivienda,Coquimbo,La Serena,,2026-10-14,45771925,,178,https://www.rematesinmobiliarios.cl/ficha-remate.php?id=59877,https://www.google.cl/maps/search/5634+pasaje+ra%C3%BAl+eduardo+tabilo+la+serena+chile,2026-09-29
60147,Departamento,Valparaíso,Villa Alemana,,2026-10-14,49950158,,,https://www.rematesinmobiliarios.cl/ficha-remate.php?id=60147,https://www.google.cl/maps/search/1418+r%C3%ADo+andali%C3%A9n+villa+alemana+valpara%C3%ADso+chile,2026-09-29
60522,Departamento,Metropolitana,Independencia,,2026-10-14,37463812,,,https://www.rematesinmobiliarios.cl/ficha-remate.php?id=60522,https://www.google.cl/maps/search/2505+coronel+alvarado+independencia+santiago+chile,2026-09-29
60521,Sitio,Metropolitana,San Bernardo,,2026-10-14,26496616,,,https://www.rematesinmobiliarios.cl/ficha-remate.php?id=60521,https://www.google.cl/maps/search/52+manzana+e-dos+san+bernardo+santiago+chile,2026-09-29
60513,Parcela,Metropolitana,Pirque,,2026-10-14,246497512,,5.035,https://www.rematesinmobiliarios.cl/ficha-remate.php?id=60513,https://www.google.cl/maps/search/3601+avenida+virginia+subercaseaux+pirque+regi%C3%B3n+metropolitana+chile,2026-09-29
60527,Inmueble,Metropolitana,Quinta Normal,,2026-10-14,63900000,,,https://www.rematesinmobiliarios.cl/ficha-remate.php?id=60527,https://www.google.cl/maps/search/01631+calle+juana+quinel+quinta+normal+santiago+chile,2026-09-29
60530,Departamento,Metropolitana,Santiago,,2026-10-14,41604282,,,https://www.rematesinmobiliarios.cl/ficha-remate.php?id=60530,https://www.google.cl/maps/search/490+rafael+sotomayor+santiago+regi%C3%B3n+metropolitana+chile,2026-09-29
60531,Departamento,Metropolitana,Vitacura,,2026-10-14,254859518,,,https://www.rematesinmobiliarios.cl/ficha-remate.php?id=60531,https://www.google.cl/maps/search/1501+los+gomeros+vitacura+santiago+chile,2026-09-29
60526,Departamento,Metropolitana,Macul,,2026-10-14,89756545,,,https://www.rematesinmobiliarios.cl/ficha-remate.php?id=60526,https://www.google.cl/maps/search/3067+mayor+abe+macul+santiago+chile,2026-09-29
60533,Inmueble,Metropolitana,Conchalí,,2026-10-14,125496871,,,https://www.rematesinmobiliarios.cl/ficha-remate.php?id=60533,https://www.google.cl/maps/search/1930+pje+algarrobal+conchal%C3%AD+santiago+chile,2026-09-29
60460,Parcela,O'Higgins,Paredones,,2026-10-14,5500000,,0,https://www.rematesinmobiliarios.cl/ficha-remate.php?id=60460,https://www.google.cl/maps/search/panilongo+paredones+o%27higgins,2026-09-29
60465,Parcela,O'Higgins,Santa Cruz,,2026-10-14,7500000,,0,https://www.rematesinmobiliarios.cl/ficha-remate.php?id=60465,https://www.google.cl/maps/search/hacienda+panama+santa+cruz+o%27higgins,2026-09-29
60452,Parcela,O'Higgins,Litueche,,2026-10-14,8209802,,0,https://www.rematesinmobiliarios.cl/ficha-remate.php?id=60452,https://www.google.cl/maps/search/litueche+litueche+o%27higgins,2026-09-29
60518,Lote,Maule,Molina,,2026-10-14,19308824,,,https://www.rematesinmobiliarios.cl/ficha-remate.php?id=60518,,2026-09-29
59856,Departamento,Araucanía,Villarrica,,2026-10-14,55264975,,,https://www.rematesinmobiliarios.cl/ficha-remate.php?id=59856,https://www.google.cl/maps/search/1310+camino+segunda+faja+al+volc%C3%A1n+villarrica+chile,2026-09-29
60462,Parcela,Araucanía,Collipulli,,2026-10-14,5500000,,0,https://www.rematesinmobiliarios.cl/ficha-remate.php?id=60462,https://www.google.cl/maps/search/parque+del+niblinto+collipulli+araucan%C3%ADa,2026-09-29
60464,Parcela,Araucanía,Curarrehue,,2026-10-14,12000000,,0,https://www.rematesinmobiliarios.cl/ficha-remate.php?id=60464,https://www.google.cl/maps/search/camino+los+coigues+parcela+20+curarrehue+araucan%C3%ADa,2026-09-29
60168,Predio agrícola,Los Lagos,Osorno,,2026-10-14,203767286,,,https://www.rematesinmobiliarios.cl/ficha-remate.php?id=60168,,2026-09-29
60459,Parcela,Aysén,Aysén,,2026-10-14,5000000,,0,https://www.rematesinmobiliarios.cl/ficha-remate.php?id=60459,https://www.google.cl/maps/search/costa+patagonia+ays%C3%A9n+ays%C3%A9n,2026-09-29
60467,Parcela,Aysén,Cochrane,,2026-10-14,16009114,,0,https://www.rematesinmobiliarios.cl/ficha-remate.php?id=60467,https://www.google.cl/maps/search/fundo+santa+elsa+cochrane+ays%C3%A9n,2026-09-29
60453,Terreno,Magallanes,Punta Arenas,,2026-10-14,2462940600,,0,https://www.rematesinmobiliarios.cl/ficha-remate.php?id=60453,https://www.google.cl/maps/search/cabo+negro+punta+arenas+magallanes,2026-09-29
60229,Departamento,Arica,La Florida,,2026-10-14,98928114,,,https://www.rematesinmobiliarios.cl/ficha-remate.php?id=60229,https://www.google.cl/maps/search/7699+juan+de+pineda+la+florida+santiago+chile,2026-09-29
60232,Vivienda,Arica,La Florida,,2026-10-14,73761360,,,https://www.rematesinmobiliarios.cl/ficha-remate.php?id=60232,https://www.google.cl/maps/search/3348+calle+palena+la+florida+santiago+chile,2026-09-29
60246,Casa,Arica,Puente Alto,,2026-10-14,74673632,,,https://www.rematesinmobiliarios.cl/ficha-remate.php?id=60246,https://www.google.cl/maps/search/4881+pasaje+r%C3%ADo+cholchol+puente+alto+santiago+chile,2026-09-29
60188,Sitio,Atacama,Copiapó,,2026-10-15,33183502,,,https://www.rematesinmobiliarios.cl/ficha-remate.php?id=60188,https://www.google.cl/maps/search/5881+calle+sant%C3%ADsima+trinidad+copiap%C3%B3+atacama+chile,2026-09-29
59869,Sitio,Coquimbo,La Serena,,2026-10-15,74545002,,,https://www.rematesinmobiliarios.cl/ficha-remate.php?id=59869,https://www.google.cl/maps/search/5156+calle+frank+schubert+la+serena+coquimbo+chile,2026-09-29
60173,Sitio,Valparaíso,Cartagena,,2026-10-15,9000714,,230,https://www.rematesinmobiliarios.cl/ficha-remate.php?id=60173,https://www.google.cl/maps/search/sitio+40+calle+andaluc%C3%ADa+cartagena+san+antonio+chile,2026-09-29
60529,Propiedad,Metropolitana,Macul,,2026-10-15,49464897,,,https://www.rematesinmobiliarios.cl/ficha-remate.php?id=60529,https://www.google.cl/maps/search/3096+calle+los+cisnes+macul+santiago+chile,2026-09-29
60528,Departamento,Metropolitana,Independencia,,2026-10-15,58987427,,,https://www.rematesinmobiliarios.cl/ficha-remate.php?id=60528,https://www.google.cl/maps/search/1421+calle+gamero+independencia+santiago+chile,2026-09-29
60523,Propiedad,Metropolitana,Estación Central,,2026-10-15,59725207,,,https://www.rematesinmobiliarios.cl/ficha-remate.php?id=60523,https://www.google.cl/maps/search/72+calle+amengual+estaci%C3%B3n+central+santiago+chile,2026-09-29
60245,Departamento,Metropolitana,San Joaquín,,2026-10-15,76486458,,,https://www.rematesinmobiliarios.cl/ficha-remate.php?id=60245,https://www.google.cl/maps/search/2289b+avenida+vicu%C3%B1a+mackenna+san+joaqu%C3%ADn+santiago+chile,2026-09-29
60231,Departamento,Metropolitana,San Miguel,,2026-10-15,60496166,,,https://www.rematesinmobiliarios.cl/ficha-remate.php?id=60231,https://www.google.cl/maps/search/4480+guardia+marina+riquelme+san+miguel+santiago+chile,2026-09-29
60519,Lote,O'Higgins,Codegua,,2026-10-15,39495263,,4.000,https://www.rematesinmobiliarios.cl/ficha-remate.php?id=60519,https://www.google.cl/maps/search/la+estancilla+codegua+o%27higgins+chile,2026-09-29
60144,Departamento,O'Higgins,Las Cabras,,2026-10-15,68254910,,13.851,https://www.rematesinmobiliarios.cl/ficha-remate.php?id=60144,,2026-09-29
58466,Propiedad,O'Higgins,Machalí,,2026-10-15,73424359,,,https://www.rematesinmobiliarios.cl/ficha-remate.php?id=58466,https://www.google.cl/maps/search/898+plaza+el+establo+machal%C3%AD+o%27higgins+chile,2026-09-29
59881,Inmueble,Biobío,Coronel,,2026-10-15,76597453,,,https://www.rematesinmobiliarios.cl/ficha-remate.php?id=59881,https://www.google.cl/maps/search/4870+calle+melin+coronel+chile,2026-09-29
60186,Casa,Araucanía,Temuco,,2026-10-15,46795871,,,https://www.rematesinmobiliarios.cl/ficha-remate.php?id=60186,https://www.google.cl/maps/search/0655+pasaje+estero+quelihue+temuco+chile,2026-09-29
59866,Sitio,Coquimbo,Coquimbo,,2026-10-16,63010230,,,https://www.rematesinmobiliarios.cl/ficha-remate.php?id=59866,https://www.google.cl/maps/search/268+pasaje+juan+miranda+coquimbo+coquimbo+chile,2026-09-29
60237,Departamento,Arica,San Miguel,,2026-10-16,78960405,,,https://www.rematesinmobiliarios.cl/ficha-remate.php?id=60237,https://www.google.cl/maps/search/4850+san+ignacio+san+miguel+santiago+chile,2026-09-29
60516,Departamento,Metropolitana,Providencia,,2026-10-17,225547434,,,https://www.rematesinmobiliarios.cl/ficha-remate.php?id=60516,https://www.google.cl/maps/search/2432+calle+el+vergel+providencia+santiago+chile,2026-09-29
60228,Departamento,Maule,Talca,,2026-10-19,64118554,,,https://www.rematesinmobiliarios.cl/ficha-remate.php?id=60228,https://www.google.cl/maps/search/20+norte+1715+talca+chile,2026-09-29
57041,Lote,Maule,Villa Alegre,,2026-10-19,7922459,,,https://www.rematesinmobiliarios.cl/ficha-remate.php?id=57041,https://www.google.cl/maps/search/336+pasaje+4+villa+alegre+maule+chile,2026-09-29
60150,Lote,Biobío,Chiguayante,,2026-10-19,41490315,,679,https://www.rematesinmobiliarios.cl/ficha-remate.php?id=60150,https://www.google.cl/maps/search/1923+pasaje+san+guillermo+chiguayante+chile,2026-09-29
59581,Inmueble,Tarapacá,Iquique,,2026-10-20,204766935,,,https://www.rematesinmobiliarios.cl/ficha-remate.php?id=59581,https://www.google.cl/maps/search/3254+calle+soldado+pedro+prado+iquique+tarapac%C3%A1+chile,2026-09-29
60169,Departamento,Antofagasta,Antofagasta,,2026-10-20,55125000,,,https://www.rematesinmobiliarios.cl/ficha-remate.php?id=60169,https://www.google.cl/maps/search/10455+calle+pirita+antofagasta+antofagasta+chile,2026-09-29
60137,Vivienda,Coquimbo,La Serena,,2026-10-20,78060660,,154,https://www.rematesinmobiliarios.cl/ficha-remate.php?id=60137,https://www.google.cl/maps/search/1842+calle+tihue+la+serena+coquimbo+chile,2026-09-29
59849,Predio agrícola,Coquimbo,Coquimbo,,2026-10-20,35000000,,,https://www.rematesinmobiliarios.cl/ficha-remate.php?id=59849,https://www.google.cl/maps/search/coquimbo+chile,2026-09-29
60532,Casa,Metropolitana,El Bosque,,2026-10-20,55000000,,,https://www.rematesinmobiliarios.cl/ficha-remate.php?id=60532,https://www.google.cl/maps/search/1173+pasaje+sargento+candelaria+el+bosque+santiago+chile,2026-09-29
57401,Departamento,Biobío,Concepción,,2026-10-20,60190842,,,https://www.rematesinmobiliarios.cl/ficha-remate.php?id=57401,https://www.google.cl/maps/search/664+calle+tucapel+concepci%C3%B3n+biob%C3%ADo+chile,2026-09-29
60138,Departamento,Coquimbo,Coquimbo,,2026-10-21,49004767,,,https://www.rematesinmobiliarios.cl/ficha-remate.php?id=60138,https://www.google.cl/maps/search/810+avenida+videla+coquimbo+coquimbo+chile,2026-09-29
59872,Departamento,Coquimbo,La Serena,,2026-10-21,64570093,,,https://www.rematesinmobiliarios.cl/ficha-remate.php?id=59872,https://www.google.cl/maps/search/1717+altos+del+brillador+la+serena+coquimbo+chile,2026-09-29
60514,Departamento,Metropolitana,Pudahuel,,2026-10-21,7265675,,,https://www.rematesinmobiliarios.cl/ficha-remate.php?id=60514,https://www.google.cl/maps/search/8727+avenida+diagonal+traves%C3%ADa+pudahuel+santiago+chile,2026-09-29
60236,Departamento,Metropolitana,San Miguel,,2026-10-21,97151346,,,https://www.rematesinmobiliarios.cl/ficha-remate.php?id=60236,https://www.google.cl/maps/search/901+calle+alcalde+pedro+alarc%C3%B3n+san+miguel+santiago+chile,2026-09-29
60240,Inmueble,Metropolitana,Maipú,,2026-10-21,131101754,,,https://www.rematesinmobiliarios.cl/ficha-remate.php?id=60240,https://www.google.cl/maps/search/197+pasaje+mahuida+maip%C3%BA+santiago+chile,2026-09-29
56803,Galpón,Antofagasta,Antofagasta,,2026-10-22,862029210,,,https://www.rematesinmobiliarios.cl/ficha-remate.php?id=56803,https://www.google.cl/maps/search/8138+avenida+industrial+antofagasta+antofagasta+chile,2026-09-29
59867,Departamento,Coquimbo,La Serena,,2026-10-22,90841459,,,https://www.rematesinmobiliarios.cl/ficha-remate.php?id=59867,https://www.google.cl/maps/search/750+avenida+pacifico+la+serena+coquimbo+chile,2026-09-29
57728,Inmueble,Coquimbo,La Serena,,2026-10-22,843305341,,,https://www.rematesinmobiliarios.cl/ficha-remate.php?id=57728,https://www.google.cl/maps/search/563+cienfuegos+la+serena+coquimbo+chile,2026-09-29
60524,Departamento,Metropolitana,Estación Central,,2026-10-22,50955961,,,https://www.rematesinmobiliarios.cl/ficha-remate.php?id=60524,https://www.google.cl/maps/search/4577+conde+del+maule+estaci%C3%B3n+central+santiago+chile,2026-09-29
58957,Casa,O'Higgins,Machalí,,2026-10-22,51393361,,,https://www.rematesinmobiliarios.cl/ficha-remate.php?id=58957,https://www.google.cl/maps/search/216+pasaje+isla+de+chilo%C3%A9+machal%C3%AD+o%27higgins+chile,2026-09-29
60515,Departamento,Metropolitana,Santiago,,2026-10-26,27372026,,,https://www.rematesinmobiliarios.cl/ficha-remate.php?id=60515,https://www.google.cl/maps/search/1063+general+gana+santiago+regi%C3%B3n+metropolitana+chile,2026-09-29
58445,Lote,Maule,Parral,,2026-10-26,15586607,,,https://www.rematesinmobiliarios.cl/ficha-remate.php?id=58445,https://www.google.cl/maps/search/1310+calle+la+trilla+parral+maule+chile,2026-09-29
56782,Inmueble,Tarapacá,Iquique,,2026-10-27,247812873,,,https://www.rematesinmobiliarios.cl/ficha-remate.php?id=56782,https://www.google.cl/maps/search/3569+pasaje+playa+chauca+iquique+tarapac%C3%A1+chile,2026-09-29
59559,Inmueble,Valparaíso,Quintero,,2026-10-27,56196095,,39.006,https://www.rematesinmobiliarios.cl/ficha-remate.php?id=59559,https://www.google.cl/maps/search/3145-24+calle+uno+quintero+valpara%C3%ADso+chile,2026-09-29
60241,Departamento,O'Higgins,Rancagua,,2026-10-27,32839208,,,https://www.rematesinmobiliarios.cl/ficha-remate.php?id=60241,https://www.google.cl/maps/search/01841+avenida+constanza+rancagua+chile,2026-09-29
60204,Sitio,Ñuble,Chillán,,2026-10-27,32892508,,,https://www.rematesinmobiliarios.cl/ficha-remate.php?id=60204,https://www.google.cl/maps/search/1822+calle+san+antonio+chill%C3%A1n+chill%C3%A1n+chile,2026-09-29
60225,Departamento,Valparaíso,Concón,,2026-10-28,292964576,,,https://www.rematesinmobiliarios.cl/ficha-remate.php?id=60225,https://www.google.cl/maps/search/1055+avenida+blanca+estela+conc%C3%B3n+valpara%C3%ADso+chile,2026-09-29
60156,Departamento,Valparaíso,Algarrobo,,2026-10-28,170210080,,,https://www.rematesinmobiliarios.cl/ficha-remate.php?id=60156,https://www.google.cl/maps/search/560+calle+mirasol+algarrobo+valpara%C3%ADso+chile,2026-09-29
60517,Departamento,Metropolitana,San Miguel,,2026-10-28,111858552,,,https://www.rematesinmobiliarios.cl/ficha-remate.php?id=60517,https://www.google.cl/maps/search/1128+salesianos+san+miguel+santiago+chile,2026-09-29
60181,Lote,O'Higgins,Rengo,,2026-10-28,43676147,,144,https://www.rematesinmobiliarios.cl/ficha-remate.php?id=60181,https://www.google.cl/maps/search/197+pasaje+las+rosas+rengo+cachapoal+libertador+bernardo+o%27higgins+chile,2026-09-29
60490,Parcela,O'Higgins,Santa Cruz,,2026-10-28,7500000,,0,https://www.rematesinmobiliarios.cl/ficha-remate.php?id=60490,https://www.google.cl/maps/search/hacienda+panama+santa+cruz+o%27higgins,2026-09-29
60485,Casa,Maule,Talca,,2026-10-28,18000000,,0,https://www.rematesinmobiliarios.cl/ficha-remate.php?id=60485,https://www.google.cl/maps/search/pasaje+9+sur+3474+talca+maule,2026-09-29
60488,Casa,Maule,Linares,,2026-10-28,35014806,,0,https://www.rematesinmobiliarios.cl/ficha-remate.php?id=60488,https://www.google.cl/maps/search/av+obispo+carlos+camus+118+linares+maule,2026-09-29
60489,Parcela,Araucanía,Los Sauces,,2026-10-28,2000000,,0,https://www.rematesinmobiliarios.cl/ficha-remate.php?id=60489,https://www.google.cl/maps/search/san+ram%C3%B3n+los+sauces+araucan%C3%ADa,2026-09-29
60491,Parcela,Araucanía,Collipulli,,2026-10-28,5000000,,0,https://www.rematesinmobiliarios.cl/ficha-remate.php?id=60491,https://www.google.cl/maps/search/parque+del+niblinto+collipulli+araucan%C3%ADa,2026-09-29
60482,Terreno,Los Lagos,Purranque,,2026-10-28,205245050,,0,https://www.rematesinmobiliarios.cl/ficha-remate.php?id=60482,https://www.google.cl/maps/search/hueyusca+purranque+los+lagos,2026-09-29
60475,Terreno,Aysén,Coyhaique,,2026-10-28,4104901,,0,https://www.rematesinmobiliarios.cl/ficha-remate.php?id=60475,https://www.google.cl/maps/search/lote+b-1-3+coyhaique+ays%C3%A9n,2026-09-29
60480,Parcela,Aysén,Cochrane,,2026-10-28,16009114,,0,https://www.rematesinmobiliarios.cl/ficha-remate.php?id=60480,https://www.google.cl/maps/search/fundo+santa+elsa+cochrane+ays%C3%A9n,2026-09-29
60483,Terreno,Aysén,Coyhaique,,2026-10-28,91949782,,0,https://www.rematesinmobiliarios.cl/ficha-remate.php?id=60483,https://www.google.cl/maps/search/rio+norte+lote+1+coyhaique+ays%C3%A9n,2026-09-29
58415,Departamento,Valparaíso,Viña del Mar,,2026-10-29,112410359,,,https://www.rematesinmobiliarios.cl/ficha-remate.php?id=58415,https://www.google.cl/maps/search/55+avenida+re%C3%B1aca+norte+vi%C3%B1a+del+mar+chile,2026-09-29
60525,Departamento,Metropolitana,San Miguel,,2026-10-29,161322609,,,https://www.rematesinmobiliarios.cl/ficha-remate.php?id=60525,https://www.google.cl/maps/search/1033+calle+san+nicol%C3%A1s+san+miguel+santiago+chile,2026-09-29
60234,Propiedad,Metropolitana,Peñalolén,,2026-10-29,71302130,,,https://www.rematesinmobiliarios.cl/ficha-remate.php?id=60234,https://www.google.cl/maps/search/8457+calle+los+coig%C3%BCes+sur+pe%C3%B1alol%C3%A9n+santiago+chile,2026-09-29
58369,Vivienda,Coquimbo,La Serena,,2026-10-30,111404834,,,https://www.rematesinmobiliarios.cl/ficha-remate.php?id=58369,https://www.google.cl/maps/search/1523+henriette+petit+marfan+la+serena+coquimbo+chile,2026-09-29
60170,Departamento,Biobío,Concepción,,2026-11-04,54492016,,,https://www.rematesinmobiliarios.cl/ficha-remate.php?id=60170,https://www.google.cl/maps/search/1480+avenida+vicu%C3%B1a+mackenna+concepci%C3%B3n+concepci%C3%B3n+chile,2026-09-29
59865,Departamento,Biobío,Concepción,,2026-11-04,54492016,,,https://www.rematesinmobiliarios.cl/ficha-remate.php?id=59865,https://www.google.cl/maps/search/1480+avenida+vicu%C3%B1a+mackenna+concepci%C3%B3n+concepci%C3%B3n+chile,2026-09-29
60205,Parcela,Araucanía,Freire,,2026-11-04,143987732,,255.000,https://www.rematesinmobiliarios.cl/ficha-remate.php?id=60205,,2026-09-29
60520,Departamento,Metropolitana,Lo Barnechea,,2026-11-05,446818474,,,https://www.rematesinmobiliarios.cl/ficha-remate.php?id=60520,https://www.google.cl/maps/search/camino+farellones+14400+lo+barnechea+santiago+chile,2026-09-29
57387,Departamento,O'Higgins,Rancagua,,2026-11-05,51177434,,,https://www.rematesinmobiliarios.cl/ficha-remate.php?id=57387,https://www.google.cl/maps/search/3152+calle+el+trapiche+rancagua+regi%C3%B3n+de+o%27higgins+chile,2026-09-29
58451,Departamento,Atacama,Vallenar,,2026-11-11,23588231,,,https://www.rematesinmobiliarios.cl/ficha-remate.php?id=58451,https://www.google.cl/maps/search/1680+avenida+los+sauces+vallenar+atacama+chile,2026-09-29
58444,Departamento,Araucanía,Villarrica,,2026-11-11,71639814,,,https://www.rematesinmobiliarios.cl/ficha-remate.php?id=58444,https://www.google.cl/maps/search/1260+camino+segunda+faja+al+volc%C3%A1n+villarrica+chile,2026-09-29
59846,Sitio,Biobío,San Pedro de la Paz,,2026-11-12,82713755,,,https://www.rematesinmobiliarios.cl/ficha-remate.php?id=59846,https://www.google.cl/maps/search/1069+calle+juan+emar+san+pedro+de+la+paz+concepci%C3%B3n+chile,2026-09-29
56767,Lote,Maule,Longaví,,2026-11-16,48273636,,,https://www.rematesinmobiliarios.cl/ficha-remate.php?id=56767,https://www.google.cl/maps/search/41+uno+norte+longav%C3%AD+regi%C3%B3n+del+maule+chile,2026-09-29
59578,Departamento,Coquimbo,La Serena,,2026-11-23,71548424,,,https://www.rematesinmobiliarios.cl/ficha-remate.php?id=59578,https://www.google.cl/maps/search/213+avenida+costanera+del+r%C3%ADo+la+serena+coquimbo+chile,2026-09-29
60148,Vivienda,Valparaíso,Viña del Mar,,2026-11-30,193012616,,,https://www.rematesinmobiliarios.cl/ficha-remate.php?id=60148,https://www.google.cl/maps/search/280+calle+coralina+vi%C3%B1a+del+mar+valpara%C3%ADso+chile,2026-09-29
